ลำดับ,จังหวัดที่สำรวจ,ภูมิลำเนา,จังหวัด,เพศ,อายุ,ระดับการศึกษา,การประกอบอาชีพ,อาชีพหลัก (อาชีพที่มีรายได้สูงที่สุด),อื่นๆ_x,ท่านมีอาชีพรองหรือไม่,(อาชีพที่มีรายได้มากอันดับที่ 2),ท่านทำงานในฐานะอะไร,รายได้รวมเฉลี่ยของท่านในปัจจุบัน ,จำนวนคนที่ร่วมใช้จ่ายจากรายได้ของท่าน,โดยเฉลี่ยรายได้รวมของท่านเพียงพอกับรายจ่ายในแต่ละเดือนหรือไม่,ท่านมีภาวะหนี้สินหรือไม่,ภาระหนี้สินส่วนใหญ่ของท่านมาจาก,รายได้ที่ได้รับจากการทำงาน ,งานที่ท่านทำอยู่ได้รับค่าตอบแทนในประเภท,ทำงานหนักเกินไป,สภาพความเป็นอยู่,งานของท่านมีปัญหา ทะเลาะขัดแย้งบ้างหรือไม่,ในเวลางานท่านเคยประสบเหตุการณ์ไม่ปลอดภัยต่อชีวิตและทรัพย์สินบ้างหรือไม่,ไม่ได้รับค่าตอบแทนตามที่ตกลงไว้,ได้รับค่าตอบแทนล่าช้า,ชั่วโมงทำงานมากเกินไป,ไม่สามารถหยุดงานได้,ไม่มีสวัสดิการ,อาชีพในปัจจุบัน ท่านทำมานานเท่าใด,ก่อนหน้าที่ท่านทำงานในปัจจุบันท่านเคยทำงาน/ประกอบอาชีพหรือไม่,ท่านอยากทำงานในระบบหรือองค์กรณ์ที่มีระบบสวัสดิการหรือไม่,ท่านเคยโดนดูถูก / ไม่ได้รับการยอมรับจากการทำงานหรือไม่,อะไรคือความสำเร็จในชีวิตการทำงานในอนาคตของท่าน,อื่นๆ_y
19404,พัทลุง,พัทลุง,พัทลุง,2,40,มัธยมศึกษาตอนปลาย/ปวช.หรือเทียบเท่า,มี,อื่นๆ,นวดแผนไทย,มี,แรงงานรับจ้างทั่วไป,ลูกจ้าง,9000.0,4.0,ไม่เพียงพอ,มี,นอกระบบ,9000.0,รายชั่วโมง,,มีที่อยู่อาศัยเป็นของตนเอง ไม่ต้องผ่อนชำระ,ไม่มี,,0,0,1,0,0,,เคย,ไม่อยาก,,,นวดแผนไทย
34948,สงขลา,สงขลา,สงขลา,2,59,ประถมศึกษาหรือต่ำกว่า,มี,อื่นๆ,นวดแผนโบราณ,ไม่มี,,ประกอบธุรกิจส่วนตัวโดยไม่มีลูกจ้าง,3000.0,2.0,ไม่เพียงพอ,มี,ในระบบ ,3000.0,รายวัน,กำไรน้อย/รายได้น้อย,มีที่อยู่อาศัยเป็นของตนเอง ไม่ต้องผ่อนชำระ,ไม่มี,ไม่เคยประสบเหตุการณ์,0,0,0,0,1,10.0,เคย,อยาก,ไม่เคย,รายได้เพิ่มขึ้น,นวดแผนโบราณ
67177,พระนครศรีอยุธยา,พระนครศรีอยุธยา,พระนครศรีอยุธยา,2,67,ประถมศึกษาหรือต่ำกว่า,มี,อื่นๆ,นวดแผนโบราณ,ไม่มี,,ประกอบธุรกิจส่วนตัวโดยไม่มีลูกจ้าง,8000.0,2.0,เพียงพอ,ไม่มี,นอกระบบ,3000.0,รายงวด/รายครั้ง,,มีที่อยู่อาศัยเป็นของตนเอง ไม่ต้องผ่อนชำระ,ไม่มี,ไม่เคยประสบเหตุการณ์,0,0,0,0,0,6.0,ไม่เคยทำงานมาก่อน,ไม่อยาก,ไม่เคย,ไม่ได้ตั้งเป้าหมาย,นวดแผนโบราณ
80672,นครนายก,นครนายก,นครนายก,2,57,มัธยมศึกษาตอนต้นหรือเทียบเท่า,มี,อื่นๆ,นวดแผนไทย,ไม่มี,,การรวมกลุ่ม,5300.0,5.0,เพียงพอ,ไม่มี,นอกระบบ,5000.0,รายเดือน,,มีที่อยู่อาศัยเป็นของตนเอง ไม่ต้องผ่อนชำระ,ไม่มี,ไม่เคยประสบเหตุการณ์,0,0,0,0,0,,ไม่เคยทำงานมาก่อน,อยาก,ไม่เคย,รายได้เพิ่มขึ้น,นวดแผนไทย
80679,นครนายก,นครนายก,นครนายก,2,54,มัธยมศึกษาตอนปลาย/ปวช.หรือเทียบเท่า,มี,อื่นๆ,นวดแผนไทย,ไม่มี,,การรวมกลุ่ม,6300.0,6.0,เพียงพอ,ไม่มี,นอกระบบ,6000.0,รายเดือน,,มีที่อยู่อาศัยเป็นของตนเอง ไม่ต้องผ่อนชำระ,ไม่มี,ไม่เคยประสบเหตุการณ์,0,0,0,0,0,,ไม่เคยทำงานมาก่อน,อยาก,,รายได้เพิ่มขึ้น,นวดแผนไทย
110744,ยโสธร,ยโสธร,ยโสธร,2,51,ประถมศึกษาหรือต่ำกว่า,มี,อื่นๆ,นวดแผนโบราณ,ไม่มี,,นายจ้าง,8000.0,2.0,ไม่เพียงพอ,มี,ในระบบ ,8000.0,รายงวด/รายครั้ง,,มีที่อยู่อาศัยเป็นของตนเอง ไม่ต้องผ่อนชำระ,ไม่มี,ไม่เคยประสบเหตุการณ์,0,0,0,0,1,18.0,เคย,ไม่อยาก,ไม่เคย,หมดภาระหนี้สิน,นวดแผนโบราณ
136686,สุโขทัย,สุโขทัย,สุโขทัย,2,67,มัธยมศึกษาตอนปลาย/ปวช.หรือเทียบเท่า,มี,อื่นๆ,นวดแผนไทย,มี,เกษตรกร/ประมงน้ำจืด,ประกอบธุรกิจส่วนตัวโดยไม่มีลูกจ้าง,9000.0,6.0,ไม่เพียงพอ,มี,ในระบบ ,9000.0,รายชั่วโมง,,มีที่อยู่อาศัยเป็นของตนเอง ไม่ต้องผ่อนชำระ,ไม่มี,ไม่เคยประสบเหตุการณ์,0,0,0,0,0,,เคย,ไม่อยาก,,หมดภาระหนี้สิน,นวดแผนไทย
139320,บึงกาฬ,บึงกาฬ,บึงกาฬ,2,55,ประถมศึกษาหรือต่ำกว่า,มี,อื่นๆ,งานนวด,มี,เกษตรกร/ประมงน้ำจืด,ประกอบธุรกิจส่วนตัวโดยไม่มีลูกจ้าง,8000.0,5.0,ไม่เพียงพอ,มี,ในระบบ ,8000.0,รายงวด/รายครั้ง,กำไรน้อย/รายได้น้อย,มีที่อยู่อาศัยเป็นของตนเอง ไม่ต้องผ่อนชำระ,มี,เคย,0,0,0,0,0,10.0,ไม่เคยทำงานมาก่อน,อยาก,เคย,ไม่ได้ตั้งเป้าหมาย,งานนวด
139987,เพชรบุรี,เพชรบุรี,เพชรบุรี,2,41,มัธยมศึกษาตอนต้นหรือเทียบเท่า,มี,อื่นๆ,นวดแผนไทย,ไม่มี,,ประกอบธุรกิจส่วนตัวโดยไม่มีลูกจ้าง,9000.0,5.0,เพียงพอ,ไม่มี,นอกระบบ,9000.0,รายชั่วโมง,,มีที่อยู่อาศัยเป็นของตนเอง ไม่ต้องผ่อนชำระ,ไม่มี,ไม่เคยประสบเหตุการณ์,0,0,0,0,1,13.0,เคย,ไม่อยาก,ไม่เคย,ได้รับการยอมรับ/ยกย่อง,นวดแผนไทย
140765,สิงห์บุรี,สิงห์บุรี,สิงห์บุรี,1,57,ประถมศึกษาหรือต่ำกว่า,มี,อื่นๆ,นวดแผนไทย,ไม่มี,,การรวมกลุ่ม,4500.0,1.0,ไม่เพียงพอ,มี,ในระบบ ,2500.0,รายวัน,อื่นๆ,มีที่อยู่อาศัยเป็นของตนเอง ไม่ต้องผ่อนชำระ,ไม่มี,,0,0,0,0,0,6.0,ไม่เคยทำงานมาก่อน,ไม่อยาก,ไม่เคย,ไม่ได้ตั้งเป้าหมาย,นวดแผนไทย
141896,นครปฐม,นครปฐม,นครปฐม,2,59,ประถมศึกษาหรือต่ำกว่า,มี,อื่นๆ,นวด,ไม่มี,,อื่นๆ,5000.0,4.0,ไม่เพียงพอ,มี,ในระบบ ,5000.0,รายวัน,กำไรน้อย/รายได้น้อย,อาศัยอยู่กับบิดา มารดา ญาติ พี่น้อง,ไม่มี,ไม่เคยประสบเหตุการณ์,0,0,0,0,0,10.0,เคย,ไม่อยาก,ไม่เคย,รายได้เพิ่มขึ้น,นวด
142495,สุโขทัย,สุโขทัย,สุโขทัย,2,40,ประถมศึกษาหรือต่ำกว่า,มี,อื่นๆ,นวดแผนไทย,ไม่มี,,ลูกจ้าง,15000.0,5.0,ไม่เพียงพอ,มี,ในระบบ ,15000.0,รายชั่วโมง,,อาศัยอยู่กับบิดา มารดา ญาติ พี่น้อง,ไม่มี,ไม่เคยประสบเหตุการณ์,0,0,0,0,0,6.0,เคย,อยาก,,ไม่ได้ตั้งเป้าหมาย,นวดแผนไทย
142532,บึงกาฬ,บึงกาฬ,พิจิตร,2,48,มัธยมศึกษาตอนต้นหรือเทียบเท่า,มี,อื่นๆ,นวดแผนไทย,มี,แรงงานรับจ้างทั่วไป,ลูกจ้าง,10000.0,4.0,เพียงพอ,ไม่มี,นอกระบบ,10000.0,รายงวด/รายครั้ง,,อาศัยอยู่กับบิดา มารดา ญาติ พี่น้อง,ไม่มี,ไม่เคยประสบเหตุการณ์,0,0,0,0,0,30.0,ไม่เคยทำงานมาก่อน,อยาก,ไม่เคย,รายได้เพิ่มขึ้น,นวดแผนไทย
143899,นครปฐม,นครปฐม,นครปฐม,2,49,ประถมศึกษาหรือต่ำกว่า,มี,อื่นๆ,นวดแผนไทย,ไม่มี,,ลูกจ้าง,4500.0,5.0,ไม่เพียงพอ,ไม่มี,นอกระบบ,4500.0,รายวัน,,มีที่อยู่อาศัยเป็นของตนเอง ไม่ต้องผ่อนชำระ,ไม่มี,ไม่เคยประสบเหตุการณ์,0,0,0,0,0,,ไม่เคยทำงานมาก่อน,ไม่อยาก,ไม่เคย,ไม่ได้ตั้งเป้าหมาย,นวดแผนไทย
143958,กาฬสินธุ์,กาฬสินธุ์,กาฬสินธุ์,2,33,มัธยมศึกษาตอนปลาย/ปวช.หรือเทียบเท่า,มี,อื่นๆ,นวดแผนโบราณ,ไม่มี,,ลูกจ้าง,30000.0,3.0,ไม่เพียงพอ,มี,นอกระบบ,30000.0,รายวัน,,มีที่อยู่อาศัยเป็นของตนเอง แต่อยู่ระหว่างผ่อนชำระ,ไม่มี,ไม่เคยประสบเหตุการณ์,0,0,0,0,0,2.0,เคย,ไม่อยาก,เคย,บุตรหลานสำเร็จการศึกษา,นวดแผนโบราณ
144490,อ่างทอง,อ่างทอง,อ่างทอง,2,63,มัธยมศึกษาตอนปลาย/ปวช.หรือเทียบเท่า,มี,อื่นๆ,นวดแผนไทย,ไม่มี,,ประกอบธุรกิจส่วนตัวโดยไม่มีลูกจ้าง,3000.0,3.0,ไม่เพียงพอ,มี,นอกระบบ,3000.0,รายชั่วโมง,,อื่นๆ,ไม่มี,ไม่เคยประสบเหตุการณ์,0,0,0,0,0,,ไม่เคยทำงานมาก่อน,ไม่อยาก,ไม่เคย,ไม่ได้ตั้งเป้าหมาย,นวดแผนไทย
144603,นนทบุรี,นครสวรรค์,พิจิตร,2,68,มัธยมศึกษาตอนต้นหรือเทียบเท่า,มี,อื่นๆ,นวดทั่วไป,ไม่มี,,ประกอบธุรกิจส่วนตัวโดยไม่มีลูกจ้าง,7000.0,3.0,ไม่เพียงพอ,มี,ในระบบ ,,,,มีที่อยู่อาศัยเป็นของตนเอง ไม่ต้องผ่อนชำระ,ไม่มี,ไม่เคยประสบเหตุการณ์,0,0,0,0,0,,ไม่เคยทำงานมาก่อน,ไม่อยาก,,,นวดทั่วไป
145831,แพร่,แพร่,แพร่,2,61,ประถมศึกษาหรือต่ำกว่า,มี,อื่นๆ,นวดแผนโบราณ,ไม่มี,,ประกอบธุรกิจส่วนตัวโดยไม่มีลูกจ้าง,12000.0,2.0,เพียงพอ,ไม่มี,นอกระบบ,12000.0,รายวัน,,มีที่อยู่อาศัยเป็นของตนเอง ไม่ต้องผ่อนชำระ,ไม่มี,ไม่เคยประสบเหตุการณ์,0,0,0,0,0,30.0,ไม่เคยทำงานมาก่อน,ไม่อยาก,ไม่เคย,รายได้เพิ่มขึ้น,นวดแผนโบราณ
145838,แพร่,แพร่,แพร่,2,66,มัธยมศึกษาตอนต้นหรือเทียบเท่า,มี,อื่นๆ,นวดแผนโบราณ,ไม่มี,,ประกอบธุรกิจส่วนตัวโดยไม่มีลูกจ้าง,8000.0,1.0,ไม่เพียงพอ,ไม่มี,นอกระบบ,8000.0,รายวัน,อื่นๆ,มีที่อยู่อาศัยเป็นของตนเอง ไม่ต้องผ่อนชำระ,ไม่มี,ไม่เคยประสบเหตุการณ์,0,0,0,0,1,30.0,ไม่เคยทำงานมาก่อน,ไม่อยาก,ไม่เคย,ไม่ได้ตั้งเป้าหมาย,นวดแผนโบราณ
145927,แพร่,แพร่,แพร่,2,61,ประถมศึกษาหรือต่ำกว่า,มี,อื่นๆ,นวดแผนโบราณ,ไม่มี,,ลูกจ้าง,10000.0,4.0,ไม่เพียงพอ,ไม่มี,นอกระบบ,10000.0,รายชั่วโมง,,มีที่อยู่อาศัยเป็นของตนเอง ไม่ต้องผ่อนชำระ,ไม่มี,ไม่เคยประสบเหตุการณ์,0,0,0,0,0,2.0,ไม่เคยทำงานมาก่อน,ไม่อยาก,ไม่เคย,ไม่ได้ตั้งเป้าหมาย,นวดแผนโบราณ
146608,ประจวบคีรีขันธ์,ประจวบคีรีขันธ์,ประจวบคีรีขันธ์,2,53,มัธยมศึกษาตอนปลาย/ปวช.หรือเทียบเท่า,มี,อื่นๆ,นวดแผนโบราณ,ไม่มี,,ประกอบธุรกิจส่วนตัวโดยไม่มีลูกจ้าง,5000.0,1.0,เพียงพอ,ไม่มี,นอกระบบ,5000.0,รายชั่วโมง,,มีที่อยู่อาศัยเป็นของตนเอง ไม่ต้องผ่อนชำระ,ไม่มี,ไม่เคยประสบเหตุการณ์,0,0,0,0,0,6.0,ไม่เคยทำงานมาก่อน,ไม่อยาก,,,นวดแผนโบราณ
152614,แพร่,แพร่,แพร่,2,48,ประถมศึกษาหรือต่ำกว่า,มี,อื่นๆ,นวด,มี,แรงงานรับจ้างทั่วไป,ลูกจ้างทำงานหลายเจ้า,5000.0,2.0,ไม่เพียงพอ,มี,ในระบบ ,5000.0,รายงวด/รายครั้ง,อื่นๆ,มีที่อยู่อาศัยเป็นของตนเอง ไม่ต้องผ่อนชำระ,ไม่มี,ไม่เคยประสบเหตุการณ์,0,0,0,0,0,15.0,ไม่เคยทำงานมาก่อน,ไม่อยาก,ไม่เคย,ไม่ได้ตั้งเป้าหมาย,นวด
155229,ยะลา,ยะลา,ยะลา,2,62,ประถมศึกษาหรือต่ำกว่า,มี,อื่นๆ,นวดแผนไทย,ไม่มี,,ประกอบธุรกิจส่วนตัวโดยไม่มีลูกจ้าง,2000.0,5.0,ไม่เพียงพอ,มี,นอกระบบ,2000.0,รายชั่วโมง,กำไรน้อย/รายได้น้อย,มีที่อยู่อาศัยเป็นของตนเอง ไม่ต้องผ่อนชำระ,ไม่มี,ไม่เคยประสบเหตุการณ์,0,0,0,0,0,10.0,ไม่เคยทำงานมาก่อน,อยาก,เคย,บุตรหลานสำเร็จการศึกษา,นวดแผนไทย
156558,อุตรดิตถ์,อุตรดิตถ์,อุตรดิตถ์,2,51,มัธยมศึกษาตอนต้นหรือเทียบเท่า,มี,อื่นๆ,ลูกจ้างนวดเเผนไทย,มี,อื่นๆ,ลูกจ้าง,6000.0,3.0,ไม่เพียงพอ,มี,ในระบบ ,6000.0,รายเดือน,,มีที่อยู่อาศัยเป็นของตนเอง ไม่ต้องผ่อนชำระ,ไม่มี,ไม่เคยประสบเหตุการณ์,0,0,0,0,0,7.0,ไม่เคยทำงานมาก่อน,อยาก,ไม่เคย,ไม่ได้ตั้งเป้าหมาย,ลูกจ้างนวดเเผนไทย
160812,ร้อยเอ็ด,ร้อยเอ็ด,ร้อยเอ็ด,2,48,มัธยมศึกษาตอนปลาย/ปวช.หรือเทียบเท่า,มี,อื่นๆ,เปิดร้านนวดเพื่อสุขภาพ,ไม่มี,,ประกอบธุรกิจส่วนตัวโดยไม่มีลูกจ้าง,3000.0,8.0,เพียงพอ,มี,ในระบบ ,0.0,รายชั่วโมง,,มีที่อยู่อาศัยเป็นของตนเอง ไม่ต้องผ่อนชำระ,ไม่มี,ไม่เคยประสบเหตุการณ์,0,0,0,0,0,10.0,เคย,อยาก,ไม่เคย,หมดภาระหนี้สิน,เปิดร้านนวดเพื่อสุขภาพ
161882,พระนครศรีอยุธยา,พระนครศรีอยุธยา,พระนครศรีอยุธยา,1,65,ประถมศึกษาหรือต่ำกว่า,มี,อื่นๆ,นวดแผนโบราณ,ไม่มี,,ประกอบธุรกิจส่วนตัวโดยไม่มีลูกจ้าง,10000.0,3.0,ไม่เพียงพอ,มี,ในระบบ ,10000.0,รายงวด/รายครั้ง,,มีที่อยู่อาศัยเป็นของตนเอง ไม่ต้องผ่อนชำระ,ไม่มี,ไม่เคยประสบเหตุการณ์,0,0,0,0,0,10.0,เคย,อยาก,ไม่เคย,ไม่ได้ตั้งเป้าหมาย,นวดแผนโบราณ
161993,เพชรบุรี,เพชรบุรี,เพชรบุรี,2,59,มัธยมศึกษาตอนปลาย/ปวช.หรือเทียบเท่า,มี,อื่นๆ,นวดแผนไทย,มี,อื่นๆ,ลูกจ้าง,9000.0,2.0,ไม่เพียงพอ,มี,ในระบบ ,,รายวัน,,มีที่อยู่อาศัยเป็นของตนเอง ไม่ต้องผ่อนชำระ,ไม่มี,ไม่เคยประสบเหตุการณ์,0,0,0,0,0,,เคย,ไม่อยาก,ไม่เคย,หมดภาระหนี้สิน,นวดแผนไทย
162337,พิษณุโลก,พิษณุโลก,ชัยนาท,2,68,ประถมศึกษาหรือต่ำกว่า,มี,อื่นๆ,หมอนวด,ไม่มี,,ลูกจ้าง,6000.0,2.0,ไม่เพียงพอ,มี,ในระบบ ,,รายเดือน,ทำงานหนักเกินไป,มีที่อยู่อาศัยเป็นของตนเอง ไม่ต้องผ่อนชำระ,ไม่มี,ไม่เคยประสบเหตุการณ์,0,0,0,0,0,5.0,ไม่เคยทำงานมาก่อน,ไม่อยาก,ไม่เคย,ไม่ได้ตั้งเป้าหมาย,หมอนวด
165613,เพชรบุรี,เพชรบุรี,เพชรบุรี,2,60,ประถมศึกษาหรือต่ำกว่า,มี,อื่นๆ,นวดแผนไทย,ไม่มี,,ประกอบธุรกิจส่วนตัวโดยไม่มีลูกจ้าง,9000.0,2.0,เพียงพอ,ไม่มี,นอกระบบ,9000.0,รายชั่วโมง,,มีที่อยู่อาศัยเป็นของตนเอง ไม่ต้องผ่อนชำระ,ไม่มี,ไม่เคยประสบเหตุการณ์,0,0,0,0,0,,ไม่เคยทำงานมาก่อน,ไม่อยาก,ไม่เคย,ไม่ได้ตั้งเป้าหมาย,นวดแผนไทย
168489,พัทลุง,พัทลุง,พัทลุง,2,29,มัธยมศึกษาตอนต้นหรือเทียบเท่า,มี,อื่นๆ,พนักงานนวด,ไม่มี,,ลูกจ้าง,15000.0,2.0,ไม่เพียงพอ,มี,ในระบบ ,,รายวัน,กำไรน้อย/รายได้น้อย,อาศัยอยู่กับบิดา มารดา ญาติ พี่น้อง,ไม่มี,ไม่เคยประสบเหตุการณ์,0,0,0,0,0,1.0,เคย,ไม่อยาก,ไม่เคย,บุตรหลานสำเร็จการศึกษา,พนักงานนวด
169440,พัทลุง,พัทลุง,พัทลุง,2,41,มัธยมศึกษาตอนปลาย/ปวช.หรือเทียบเท่า,มี,อื่นๆ,นวดแผนไทย,ไม่มี,,ลูกจ้าง,12000.0,2.0,ไม่เพียงพอ,มี,ในระบบ ,12000.0,รายชั่วโมง,,มีที่อยู่อาศัยเป็นของตนเอง แต่อยู่ระหว่างผ่อนชำระ,ไม่มี,ไม่เคยประสบเหตุการณ์,0,0,0,0,1,4.0,ไม่เคยทำงานมาก่อน,อยาก,ไม่เคย,ไม่ได้ตั้งเป้าหมาย,นวดแผนไทย
169450,พัทลุง,พัทลุง,พัทลุง,2,52,ประถมศึกษาหรือต่ำกว่า,มี,อื่นๆ,นวดแผนไทย,ไม่มี,,ลูกจ้าง,12000.0,2.0,ไม่เพียงพอ,มี,นอกระบบ,,รายชั่วโมง,กำไรน้อย/รายได้น้อย,มีที่อยู่อาศัยเป็นของตนเอง แต่อยู่ระหว่างผ่อนชำระ,ไม่มี,ไม่เคยประสบเหตุการณ์,0,0,0,0,1,4.0,ไม่เคยทำงานมาก่อน,อยาก,ไม่เคย,ไม่ได้ตั้งเป้าหมาย,นวดแผนไทย
169536,พัทลุง,พัทลุง,พัทลุง,2,62,มัธยมศึกษาตอนต้นหรือเทียบเท่า,มี,อื่นๆ,นวดแผนไทย,ไม่มี,,ลูกจ้าง,12000.0,2.0,ไม่เพียงพอ,มี,ในระบบ ,12000.0,รายชั่วโมง,กำไรน้อย/รายได้น้อย,มีที่อยู่อาศัยเป็นของตนเอง แต่อยู่ระหว่างผ่อนชำระ,ไม่มี,ไม่เคยประสบเหตุการณ์,0,0,0,0,1,4.0,ไม่เคยทำงานมาก่อน,อยาก,ไม่เคย,ไม่ได้ตั้งเป้าหมาย,นวดแผนไทย
169566,พัทลุง,พัทลุง,พัทลุง,2,44,ปริญญาตรี,มี,อื่นๆ,นวดแผนไทย,มี,อื่นๆ,การรวมกลุ่ม,10000.0,5.0,ไม่เพียงพอ,มี,ในระบบ ,8000.0,รายชั่วโมง,กำไรน้อย/รายได้น้อย,อาศัยอยู่กับบิดา มารดา ญาติ พี่น้อง,ไม่มี,ไม่เคยประสบเหตุการณ์,0,0,0,0,1,1.0,เคย,ไม่อยาก,ไม่เคย,หมดภาระหนี้สิน,นวดแผนไทย
174108,ระยอง,ระยอง,ระยอง,1,56,มัธยมศึกษาตอนต้นหรือเทียบเท่า,มี,อื่นๆ,นวด,ไม่มี,,อื่นๆ,9000.0,2.0,ไม่เพียงพอ,ไม่มี,นอกระบบ,9000.0,รายวัน,กำไรน้อย/รายได้น้อย,มีที่อยู่อาศัยเป็นของตนเอง ไม่ต้องผ่อนชำระ,ไม่มี,ไม่เคยประสบเหตุการณ์,0,0,0,0,0,5.0,เคย,ไม่อยาก,ไม่เคย,ไม่ได้ตั้งเป้าหมาย,นวด
178498,สุโขทัย,สุโขทัย,สุโขทัย,2,46,ประถมศึกษาหรือต่ำกว่า,มี,อื่นๆ,นวดแผนไทย,ไม่มี,,ลูกจ้าง,9000.0,3.0,ไม่เพียงพอ,มี,ในระบบ ,9000.0,รายวัน,,อาศัยอยู่กับบิดา มารดา ญาติ พี่น้อง,มี,ไม่เคยประสบเหตุการณ์,0,1,1,0,0,7.0,ไม่เคยทำงานมาก่อน,อยาก,เคย,ไม่ได้ตั้งเป้าหมาย,นวดแผนไทย
178785,ระยอง,ระยอง,ระยอง,2,56,มัธยมศึกษาตอนต้นหรือเทียบเท่า,มี,อื่นๆ,นวดแผนไทย,,,ประกอบธุรกิจส่วนตัวโดยไม่มีลูกจ้าง,9000.0,3.0,เพียงพอ,มี,ในระบบ ,,,,มีที่อยู่อาศัยเป็นของตนเอง ไม่ต้องผ่อนชำระ,,,0,0,0,0,0,,ไม่เคยทำงานมาก่อน,ไม่อยาก,,,นวดแผนไทย
181266,ระยอง,ระยอง,ระยอง,2,64,มัธยมศึกษาตอนต้นหรือเทียบเท่า,มี,อื่นๆ,นวดแผนไทย,,,ลูกจ้าง,20000.0,1.0,เพียงพอ,ไม่มี,นอกระบบ,,,,เช่าบ้าน/เช่าที่อยู่อาศัย,ไม่มี,,0,0,0,0,0,,ไม่เคยทำงานมาก่อน,ไม่อยาก,,,นวดแผนไทย
184101,อุดรธานี,อุดรธานี,อุดรธานี,2,42,ประถมศึกษาหรือต่ำกว่า,มี,อื่นๆ,หมอนวดแผนโบราณ,ไม่มี,,ประกอบธุรกิจส่วนตัวโดยไม่มีลูกจ้าง,5000.0,3.0,ไม่เพียงพอ,ไม่มี,นอกระบบ,,รายชั่วโมง,ทำงานหนักเกินไป,อาศัยอยู่กับบิดา มารดา ญาติ พี่น้อง,ไม่มี,ไม่เคยประสบเหตุการณ์,0,0,0,0,0,5.0,ไม่เคยทำงานมาก่อน,อยาก,ไม่เคย,ไม่ได้ตั้งเป้าหมาย,หมอนวดแผนโบราณ
188976,นครศรีธรรมราช,นครศรีธรรมราช,นครศรีธรรมราช,2,59,ประถมศึกษาหรือต่ำกว่า,มี,อื่นๆ,นวดเเผนโบราณ,ไม่มี,,ช่วยธุรกิจครัวเรือนโดยไม่ได้รับค่าจ้าง,6000.0,6.0,ไม่เพียงพอ,ไม่มี,นอกระบบ,6000.0,รายชั่วโมง,อื่นๆ,มีที่อยู่อาศัยเป็นของตนเอง ไม่ต้องผ่อนชำระ,ไม่มี,ไม่เคยประสบเหตุการณ์,0,0,0,0,1,4.0,ไม่เคยทำงานมาก่อน,อยาก,ไม่เคย,,นวดเเผนโบราณ
192689,ปทุมธานี,ปทุมธานี,ปทุมธานี,2,69,มัธยมศึกษาตอนต้นหรือเทียบเท่า,มี,อื่นๆ,นวด,มี,แรงงานรับจ้างทาการเกษตรตามฤดูกาล,ประกอบธุรกิจส่วนตัวโดยไม่มีลูกจ้าง,12600.0,2.0,ไม่เพียงพอ,มี,นอกระบบ,8000.0,รายชั่วโมง,,มีที่อยู่อาศัยเป็นของตนเอง ไม่ต้องผ่อนชำระ,ไม่มี,ไม่เคยประสบเหตุการณ์,0,0,0,0,0,10.0,เคย,ไม่อยาก,เคย,หมดภาระหนี้สิน,นวด
199562,นนทบุรี,นนทบุรี,นนทบุรี,2,59,ประถมศึกษาหรือต่ำกว่า,มี,อื่นๆ,นวดแผนไทย,ไม่มี,,ลูกจ้าง,4000.0,1.0,เพียงพอ,ไม่มี,นอกระบบ,,,,มีที่อยู่อาศัยเป็นของตนเอง ไม่ต้องผ่อนชำระ,ไม่มี,ไม่เคยประสบเหตุการณ์,0,0,0,0,0,,ไม่เคยทำงานมาก่อน,ไม่อยาก,ไม่เคย,ไม่ได้ตั้งเป้าหมาย,นวดแผนไทย
205134,นครศรีธรรมราช,นครศรีธรรมราช,นครศรีธรรมราช,2,47,ประถมศึกษาหรือต่ำกว่า,มี,อื่นๆ,นวดผ่อนคลาย,ไม่มี,,นายจ้าง,9000.0,4.0,ไม่เพียงพอ,มี,ในระบบ ,9000.0,รายชั่วโมง,,อาศัยอยู่กับบิดา มารดา ญาติ พี่น้อง,ไม่มี,ไม่เคยประสบเหตุการณ์,0,0,0,0,0,4.0,เคย,อยาก,ไม่เคย,ได้รับการยอมรับ/ยกย่อง,นวดผ่อนคลาย
205152,นครศรีธรรมราช,นครศรีธรรมราช,นครศรีธรรมราช,2,41,ปริญญาตรี,มี,อื่นๆ,นวดแผนไทย,มี,อื่นๆ,ประกอบธุรกิจส่วนตัวโดยไม่มีลูกจ้าง,10000.0,2.0,ไม่เพียงพอ,มี,ในระบบ ,8000.0,รายชั่วโมง,,อาศัยอยู่กับผู้อื่น (เช่น เพื่อน คนรู้จัก เป็นต้น),มี,ไม่เคยประสบเหตุการณ์,0,0,0,0,0,1.0,เคย,ไม่อยาก,เคย,หมดภาระหนี้สิน,นวดแผนไทย
205168,นครศรีธรรมราช,นครศรีธรรมราช,นครศรีธรรมราช,2,44,อนุปริญญา/ปวส.,มี,อื่นๆ,นวดแผนไทย,มี,อื่นๆ,นายจ้าง,15000.0,3.0,ไม่เพียงพอ,มี,นอกระบบ,10000.0,รายวัน,,มีที่อยู่อาศัยเป็นของตนเอง แต่อยู่ระหว่างผ่อนชำระ,ไม่มี,ไม่เคยประสบเหตุการณ์,0,0,0,0,1,5.0,เคย,อยาก,เคย,รายได้เพิ่มขึ้น,นวดแผนไทย
207702,เพชรบูรณ์,เพชรบูรณ์,เพชรบูรณ์,1,62,มัธยมศึกษาตอนต้นหรือเทียบเท่า,มี,อื่นๆ,นวดแผนไทย,ไม่มี,,ประกอบธุรกิจส่วนตัวโดยไม่มีลูกจ้าง,5000.0,2.0,ไม่เพียงพอ,มี,ในระบบ ,5000.0,รายงวด/รายครั้ง,,มีที่อยู่อาศัยเป็นของตนเอง ไม่ต้องผ่อนชำระ,ไม่มี,ไม่เคยประสบเหตุการณ์,0,0,0,0,0,,เคย,ไม่อยาก,ไม่เคย,ไม่ได้ตั้งเป้าหมาย,นวดแผนไทย
212758,นนทบุรี,นนทบุรี,นนทบุรี,2,49,มัธยมศึกษาตอนต้นหรือเทียบเท่า,มี,อื่นๆ,นวด,ไม่มี,,ลูกจ้าง,15000.0,1.0,เพียงพอ,ไม่มี,นอกระบบ,,,,มีที่อยู่อาศัยเป็นของตนเอง ไม่ต้องผ่อนชำระ,ไม่มี,ไม่เคยประสบเหตุการณ์,0,0,0,0,0,,ไม่เคยทำงานมาก่อน,ไม่อยาก,ไม่เคย,ไม่ได้ตั้งเป้าหมาย,นวด
218432,ร้อยเอ็ด,ร้อยเอ็ด,ร้อยเอ็ด,2,38,มัธยมศึกษาตอนต้นหรือเทียบเท่า,มี,อื่นๆ,นวดแผนไทย,ไม่มี,,ลูกจ้าง,12000.0,5.0,เพียงพอ,มี,ในระบบ ,10000.0,รายเดือน,,มีที่อยู่อาศัยเป็นของตนเอง ไม่ต้องผ่อนชำระ,ไม่มี,ไม่เคยประสบเหตุการณ์,0,0,0,0,0,5.0,ไม่เคยทำงานมาก่อน,อยาก,ไม่เคย,ไม่ได้ตั้งเป้าหมาย,นวดแผนไทย
221015,ขอนแก่น,ขอนแก่น,ขอนแก่น,2,48,ประถมศึกษาหรือต่ำกว่า,มี,อื่นๆ,ทำงานร้านนวด,ไม่มี,,ลูกจ้าง,9000.0,1.0,เพียงพอ,ไม่มี,นอกระบบ,9000.0,รายวัน,,มีที่อยู่อาศัยเป็นของตนเอง ไม่ต้องผ่อนชำระ,ไม่มี,ไม่เคยประสบเหตุการณ์,0,0,0,0,0,2.0,เคย,อยาก,ไม่เคย,รายได้เพิ่มขึ้น,ทำงานร้านนวด
222431,นครศรีธรรมราช,นครศรีธรรมราช,นครศรีธรรมราช,2,39,ปริญญาตรี,มี,อื่นๆ,หมอนวด,,,ประกอบธุรกิจส่วนตัวโดยไม่มีลูกจ้าง,25000.0,4.0,เพียงพอ,มี,ในระบบ ,25000.0,รายชั่วโมง,,มีที่อยู่อาศัยเป็นของตนเอง ไม่ต้องผ่อนชำระ,ไม่มี,ไม่เคยประสบเหตุการณ์,0,0,0,0,0,15.0,เคย,ไม่อยาก,ไม่เคย,มีบ้าน/มีรถ,หมอนวด
229277,ภูเก็ต,ขอนแก่น,ภูเก็ต,2,27,มัธยมศึกษาตอนปลาย/ปวช.หรือเทียบเท่า,มี,อื่นๆ,หมอนวด,ไม่มี,,ลูกจ้าง,10000.0,1.0,ไม่เพียงพอ,มี,นอกระบบ,10000.0,รายชั่วโมง,,อื่นๆ,ไม่มี,ไม่เคยประสบเหตุการณ์,0,0,0,0,0,6.0,เคย,ไม่อยาก,ไม่เคย,ไม่ได้ตั้งเป้าหมาย,หมอนวด
230470,อุดรธานี,อุดรธานี,อุดรธานี,2,45,มัธยมศึกษาตอนปลาย/ปวช.หรือเทียบเท่า,มี,อื่นๆ,นวดแผนไทย,ไม่มี,,อื่นๆ,4000.0,3.0,ไม่เพียงพอ,มี,นอกระบบ,15000.0,รายชั่วโมง,,มีที่อยู่อาศัยเป็นของตนเอง ไม่ต้องผ่อนชำระ,ไม่มี,ไม่เคยประสบเหตุการณ์,0,0,0,0,1,3.0,เคย,อยาก,ไม่เคย,ได้รับการยอมรับ/ยกย่อง,นวดแผนไทย
231550,นครสวรรค์,นครสวรรค์,นครสวรรค์,2,39,มัธยมศึกษาตอนต้นหรือเทียบเท่า,มี,อื่นๆ,หมอนวด,ไม่มี,,ประกอบธุรกิจส่วนตัวโดยไม่มีลูกจ้าง,12000.0,1.0,เพียงพอ,ไม่มี,นอกระบบ,12000.0,รายชั่วโมง,กำไรน้อย/รายได้น้อย,อาศัยอยู่กับบิดา มารดา ญาติ พี่น้อง,ไม่มี,ไม่เคยประสบเหตุการณ์,0,0,0,0,0,8.0,ไม่เคยทำงานมาก่อน,อยาก,ไม่เคย,ไม่ได้ตั้งเป้าหมาย,หมอนวด
239949,ปทุมธานี,ปทุมธานี,ปทุมธานี,1,41,มัธยมศึกษาตอนปลาย/ปวช.หรือเทียบเท่า,มี,อื่นๆ,นวดเพื่อสุขภาพ,ไม่มี,,ลูกจ้าง,10400.0,3.0,ไม่เพียงพอ,มี,นอกระบบ,10400.0,รายชั่วโมง,,อาศัยอยู่กับบิดา มารดา ญาติ พี่น้อง,ไม่มี,ไม่เคยประสบเหตุการณ์,0,0,0,0,0,10.0,เคย,ไม่อยาก,ไม่เคย,มีบ้าน/มีรถ,นวดเพื่อสุขภาพ
246005,ราชบุรี,ราชบุรี,ราชบุรี,2,70,ประถมศึกษาหรือต่ำกว่า,มี,อื่นๆ,นวดแผนโบราณ,ไม่มี,,ลูกจ้าง,6000.0,1.0,เพียงพอ,ไม่มี,นอกระบบ,6000.0,รายชั่วโมง,กำไรน้อย/รายได้น้อย,มีที่อยู่อาศัยเป็นของตนเอง ไม่ต้องผ่อนชำระ,ไม่มี,,0,0,0,0,0,20.0,ไม่เคยทำงานมาก่อน,ไม่อยาก,ไม่เคย,ไม่ได้ตั้งเป้าหมาย,นวดแผนโบราณ
251641,เชียงใหม่,เชียงใหม่,เชียงใหม่,2,36,ปริญญาตรี,มี,อื่นๆ,บัญชีนวด,มี,อื่นๆ,ลูกจ้าง,10000.0,1.0,เพียงพอ,ไม่มี,นอกระบบ,10000.0,รายเดือน,,มีที่อยู่อาศัยเป็นของตนเอง ไม่ต้องผ่อนชำระ,ไม่มี,ไม่เคยประสบเหตุการณ์,0,0,0,0,0,,ไม่เคยทำงานมาก่อน,อยาก,ไม่เคย,รายได้เพิ่มขึ้น,บัญชีนวด
251645,เชียงใหม่,เชียงใหม่,เชียงใหม่,2,29,อนุปริญญา/ปวส.,มี,อื่นๆ,เคาร์เตอร์นวด,ไม่มี,,ลูกจ้าง,6000.0,1.0,ไม่เพียงพอ,ไม่มี,นอกระบบ,6000.0,รายเดือน,,มีที่อยู่อาศัยเป็นของตนเอง ไม่ต้องผ่อนชำระ,ไม่มี,ไม่เคยประสบเหตุการณ์,0,0,0,0,0,,ไม่เคยทำงานมาก่อน,อยาก,ไม่เคย,รายได้เพิ่มขึ้น,เคาร์เตอร์นวด
251649,เชียงใหม่,เชียงใหม่,เชียงใหม่,2,55,ประถมศึกษาหรือต่ำกว่า,มี,อื่นๆ,นวดแผนไทย,ไม่มี,,ลูกจ้าง,9000.0,1.0,ไม่เพียงพอ,ไม่มี,นอกระบบ,9000.0,รายเดือน,,มีที่อยู่อาศัยเป็นของตนเอง ไม่ต้องผ่อนชำระ,ไม่มี,ไม่เคยประสบเหตุการณ์,0,0,0,0,0,,ไม่เคยทำงานมาก่อน,อยาก,ไม่เคย,รายได้เพิ่มขึ้น,นวดแผนไทย
251658,เชียงใหม่,เชียงใหม่,เชียงใหม่,2,60,ประถมศึกษาหรือต่ำกว่า,มี,อื่นๆ,นวดแผนไทย,ไม่มี,,ลูกจ้าง,9000.0,1.0,ไม่เพียงพอ,ไม่มี,นอกระบบ,9000.0,รายเดือน,,มีที่อยู่อาศัยเป็นของตนเอง ไม่ต้องผ่อนชำระ,ไม่มี,ไม่เคยประสบเหตุการณ์,0,0,0,0,0,,ไม่เคยทำงานมาก่อน,อยาก,ไม่เคย,รายได้เพิ่มขึ้น,นวดแผนไทย
251663,เชียงใหม่,เชียงใหม่,เชียงใหม่,2,49,มัธยมศึกษาตอนปลาย/ปวช.หรือเทียบเท่า,มี,อื่นๆ,นวดแผนไทย,ไม่มี,,ลูกจ้าง,9000.0,1.0,ไม่เพียงพอ,ไม่มี,นอกระบบ,9000.0,รายเดือน,,มีที่อยู่อาศัยเป็นของตนเอง ไม่ต้องผ่อนชำระ,ไม่มี,ไม่เคยประสบเหตุการณ์,0,0,0,0,0,,ไม่เคยทำงานมาก่อน,อยาก,ไม่เคย,รายได้เพิ่มขึ้น,นวดแผนไทย
251665,เชียงใหม่,เชียงใหม่,เชียงใหม่,2,56,มัธยมศึกษาตอนปลาย/ปวช.หรือเทียบเท่า,มี,อื่นๆ,นวดแผนไทย,ไม่มี,,ลูกจ้าง,9000.0,1.0,ไม่เพียงพอ,ไม่มี,นอกระบบ,9000.0,รายเดือน,,มีที่อยู่อาศัยเป็นของตนเอง ไม่ต้องผ่อนชำระ,ไม่มี,ไม่เคยประสบเหตุการณ์,0,0,0,0,0,,ไม่เคยทำงานมาก่อน,อยาก,ไม่เคย,รายได้เพิ่มขึ้น,นวดแผนไทย
251669,เชียงใหม่,เชียงใหม่,เชียงใหม่,2,63,มัธยมศึกษาตอนต้นหรือเทียบเท่า,มี,อื่นๆ,นวดแผนไทย,ไม่มี,,ลูกจ้าง,9000.0,1.0,ไม่เพียงพอ,ไม่มี,นอกระบบ,9000.0,รายเดือน,,มีที่อยู่อาศัยเป็นของตนเอง ไม่ต้องผ่อนชำระ,ไม่มี,ไม่เคยประสบเหตุการณ์,0,0,0,0,0,,ไม่เคยทำงานมาก่อน,อยาก,ไม่เคย,รายได้เพิ่มขึ้น,นวดแผนไทย
251813,เชียงใหม่,เชียงใหม่,เชียงใหม่,2,51,มัธยมศึกษาตอนปลาย/ปวช.หรือเทียบเท่า,มี,อื่นๆ,นวดเเผนไทย,ไม่มี,,การรวมกลุ่ม,9000.0,1.0,ไม่เพียงพอ,ไม่มี,นอกระบบ,9000.0,รายเดือน,,มีที่อยู่อาศัยเป็นของตนเอง ไม่ต้องผ่อนชำระ,ไม่มี,ไม่เคยประสบเหตุการณ์,0,0,0,0,0,,ไม่เคยทำงานมาก่อน,อยาก,ไม่เคย,รายได้เพิ่มขึ้น,นวดเเผนไทย
251819,เชียงใหม่,เชียงใหม่,เชียงใหม่,2,51,ประถมศึกษาหรือต่ำกว่า,มี,อื่นๆ,นวดเเผนไทย,ไม่มี,,การรวมกลุ่ม,9000.0,1.0,ไม่เพียงพอ,ไม่มี,นอกระบบ,9000.0,รายวัน,,มีที่อยู่อาศัยเป็นของตนเอง ไม่ต้องผ่อนชำระ,ไม่มี,ไม่เคยประสบเหตุการณ์,0,0,0,0,0,,ไม่เคยทำงานมาก่อน,อยาก,ไม่เคย,รายได้เพิ่มขึ้น,นวดเเผนไทย
251825,เชียงใหม่,เชียงใหม่,เชียงใหม่,2,57,มัธยมศึกษาตอนต้นหรือเทียบเท่า,มี,อื่นๆ,นวดเเผนไทย,ไม่มี,,การรวมกลุ่ม,9000.0,1.0,ไม่เพียงพอ,ไม่มี,นอกระบบ,9000.0,รายวัน,,มีที่อยู่อาศัยเป็นของตนเอง ไม่ต้องผ่อนชำระ,ไม่มี,ไม่เคยประสบเหตุการณ์,0,0,0,0,0,,ไม่เคยทำงานมาก่อน,อยาก,ไม่เคย,รายได้เพิ่มขึ้น,นวดเเผนไทย
251828,เชียงใหม่,เชียงใหม่,เชียงใหม่,2,36,ปริญญาตรี,มี,อื่นๆ,นวดเเผนไทย,ไม่มี,,ลูกจ้าง,9000.0,1.0,ไม่เพียงพอ,ไม่มี,นอกระบบ,9000.0,รายวัน,,มีที่อยู่อาศัยเป็นของตนเอง ไม่ต้องผ่อนชำระ,ไม่มี,ไม่เคยประสบเหตุการณ์,0,0,0,0,0,,ไม่เคยทำงานมาก่อน,อยาก,ไม่เคย,รายได้เพิ่มขึ้น,นวดเเผนไทย
251833,เชียงใหม่,เชียงใหม่,เชียงใหม่,2,64,ประถมศึกษาหรือต่ำกว่า,มี,อื่นๆ,นวดเเผนไทย,ไม่มี,,ลูกจ้าง,9000.0,1.0,ไม่เพียงพอ,ไม่มี,นอกระบบ,9000.0,รายวัน,,มีที่อยู่อาศัยเป็นของตนเอง ไม่ต้องผ่อนชำระ,ไม่มี,ไม่เคยประสบเหตุการณ์,0,0,0,0,0,,ไม่เคยทำงานมาก่อน,อยาก,ไม่เคย,รายได้เพิ่มขึ้น,นวดเเผนไทย
252645,ชัยนาท,ชัยนาท,ชัยนาท,1,66,ประถมศึกษาหรือต่ำกว่า,มี,อื่นๆ,หมอนวด,ไม่มี,,ประกอบธุรกิจส่วนตัวโดยไม่มีลูกจ้าง,6000.0,1.0,ไม่เพียงพอ,ไม่มี,นอกระบบ,6000.0,รายงวด/รายครั้ง,,มีที่อยู่อาศัยเป็นของตนเอง ไม่ต้องผ่อนชำระ,ไม่มี,ไม่เคยประสบเหตุการณ์,0,0,0,0,0,24.0,เคย,อยาก,ไม่เคย,รายได้เพิ่มขึ้น,หมอนวด
253108,เชียงใหม่,เชียงใหม่,เชียงใหม่,2,63,มัธยมศึกษาตอนปลาย/ปวช.หรือเทียบเท่า,มี,อื่นๆ,นวดแผนไทย,ไม่มี,,การรวมกลุ่ม,9000.0,1.0,ไม่เพียงพอ,ไม่มี,นอกระบบ,9000.0,รายวัน,,มีที่อยู่อาศัยเป็นของตนเอง ไม่ต้องผ่อนชำระ,ไม่มี,ไม่เคยประสบเหตุการณ์,0,0,0,0,0,,ไม่เคยทำงานมาก่อน,อยาก,ไม่เคย,รายได้เพิ่มขึ้น,นวดแผนไทย
253115,เชียงใหม่,เชียงใหม่,เชียงใหม่,2,58,มัธยมศึกษาตอนปลาย/ปวช.หรือเทียบเท่า,มี,อื่นๆ,นวดแผนไทย,ไม่มี,,ลูกจ้าง,9000.0,1.0,ไม่เพียงพอ,ไม่มี,นอกระบบ,9000.0,รายวัน,,มีที่อยู่อาศัยเป็นของตนเอง ไม่ต้องผ่อนชำระ,ไม่มี,ไม่เคยประสบเหตุการณ์,0,0,0,0,0,,ไม่เคยทำงานมาก่อน,อยาก,ไม่เคย,รายได้เพิ่มขึ้น,นวดแผนไทย
253125,เชียงใหม่,เชียงใหม่,เชียงใหม่,2,56,มัธยมศึกษาตอนปลาย/ปวช.หรือเทียบเท่า,มี,อื่นๆ,นวดแผนไทย,ไม่มี,,ลูกจ้าง,9000.0,1.0,ไม่เพียงพอ,ไม่มี,นอกระบบ,9000.0,รายวัน,,มีที่อยู่อาศัยเป็นของตนเอง ไม่ต้องผ่อนชำระ,ไม่มี,ไม่เคยประสบเหตุการณ์,0,0,0,0,0,,ไม่เคยทำงานมาก่อน,อยาก,ไม่เคย,รายได้เพิ่มขึ้น,นวดแผนไทย
253133,เชียงใหม่,เชียงใหม่,เชียงใหม่,2,42,มัธยมศึกษาตอนต้นหรือเทียบเท่า,มี,อื่นๆ,นวดแผนไทย,ไม่มี,,ลูกจ้าง,9000.0,1.0,ไม่เพียงพอ,ไม่มี,นอกระบบ,9000.0,รายวัน,,มีที่อยู่อาศัยเป็นของตนเอง ไม่ต้องผ่อนชำระ,ไม่มี,ไม่เคยประสบเหตุการณ์,0,0,0,0,0,,ไม่เคยทำงานมาก่อน,อยาก,ไม่เคย,รายได้เพิ่มขึ้น,นวดแผนไทย
253136,เชียงใหม่,เชียงใหม่,เชียงใหม่,2,59,มัธยมศึกษาตอนต้นหรือเทียบเท่า,มี,อื่นๆ,นวดแผนไทย,ไม่มี,,ลูกจ้าง,6000.0,1.0,ไม่เพียงพอ,ไม่มี,นอกระบบ,6000.0,รายเดือน,,มีที่อยู่อาศัยเป็นของตนเอง ไม่ต้องผ่อนชำระ,ไม่มี,ไม่เคยประสบเหตุการณ์,0,0,0,0,0,,ไม่เคยทำงานมาก่อน,อยาก,ไม่เคย,รายได้เพิ่มขึ้น,นวดแผนไทย
253144,เชียงใหม่,เชียงใหม่,เชียงใหม่,2,53,มัธยมศึกษาตอนปลาย/ปวช.หรือเทียบเท่า,มี,อื่นๆ,นวดแผนไทย,ไม่มี,,ลูกจ้าง,6000.0,1.0,ไม่เพียงพอ,ไม่มี,นอกระบบ,6000.0,รายเดือน,,มีที่อยู่อาศัยเป็นของตนเอง ไม่ต้องผ่อนชำระ,ไม่มี,ไม่เคยประสบเหตุการณ์,0,0,0,0,0,,ไม่เคยทำงานมาก่อน,อยาก,ไม่เคย,รายได้เพิ่มขึ้น,นวดแผนไทย
253151,เชียงใหม่,เชียงใหม่,เชียงใหม่,2,44,มัธยมศึกษาตอนปลาย/ปวช.หรือเทียบเท่า,มี,อื่นๆ,นวดแผนไทย,ไม่มี,,การรวมกลุ่ม,9000.0,1.0,ไม่เพียงพอ,ไม่มี,นอกระบบ,9000.0,รายเดือน,,มีที่อยู่อาศัยเป็นของตนเอง ไม่ต้องผ่อนชำระ,ไม่มี,ไม่เคยประสบเหตุการณ์,0,0,0,0,0,,ไม่เคยทำงานมาก่อน,อยาก,ไม่เคย,รายได้เพิ่มขึ้น,นวดแผนไทย
253154,เชียงใหม่,เชียงใหม่,เชียงใหม่,1,64,ประถมศึกษาหรือต่ำกว่า,มี,อื่นๆ,นวดแผนไทย,ไม่มี,,การรวมกลุ่ม,9000.0,1.0,ไม่เพียงพอ,ไม่มี,นอกระบบ,9000.0,รายเดือน,,มีที่อยู่อาศัยเป็นของตนเอง ไม่ต้องผ่อนชำระ,ไม่มี,ไม่เคยประสบเหตุการณ์,0,0,0,0,0,,ไม่เคยทำงานมาก่อน,อยาก,ไม่เคย,รายได้เพิ่มขึ้น,นวดแผนไทย
253161,เชียงใหม่,เชียงใหม่,เชียงใหม่,2,48,ประถมศึกษาหรือต่ำกว่า,มี,อื่นๆ,นวดแผนไทย,ไม่มี,,การรวมกลุ่ม,9000.0,1.0,ไม่เพียงพอ,ไม่มี,นอกระบบ,9000.0,รายเดือน,,มีที่อยู่อาศัยเป็นของตนเอง ไม่ต้องผ่อนชำระ,ไม่มี,ไม่เคยประสบเหตุการณ์,0,0,0,0,0,,ไม่เคยทำงานมาก่อน,อยาก,ไม่เคย,รายได้เพิ่มขึ้น,นวดแผนไทย
271780,สมุทรสาคร,สมุทรสาคร,สมุทรสาคร,2,57,มัธยมศึกษาตอนต้นหรือเทียบเท่า,มี,อื่นๆ,นวดแผนไทย,ไม่มี,,ประกอบธุรกิจส่วนตัวโดยไม่มีลูกจ้าง,9000.0,1.0,เพียงพอ,ไม่มี,นอกระบบ,,รายงวด/รายครั้ง,,มีที่อยู่อาศัยเป็นของตนเอง ไม่ต้องผ่อนชำระ,ไม่มี,ไม่เคยประสบเหตุการณ์,0,0,0,0,0,10.0,ไม่เคยทำงานมาก่อน,ไม่อยาก,ไม่เคย,ไม่ได้ตั้งเป้าหมาย,นวดแผนไทย
281654,ขอนแก่น,ขอนแก่น,ขอนแก่น,2,45,มัธยมศึกษาตอนต้นหรือเทียบเท่า,มี,อื่นๆ,นวด,ไม่มี,,อื่นๆ,15000.0,3.0,ไม่เพียงพอ,มี,ในระบบ ,15000.0,รายชั่วโมง,อื่นๆ,เช่าบ้าน/เช่าที่อยู่อาศัย,ไม่มี,ไม่เคยประสบเหตุการณ์,0,0,0,0,0,7.0,เคย,อยาก,ไม่เคย,ไม่ได้ตั้งเป้าหมาย,นวด
289230,สมุทรปราการ,สมุทรปราการ,สมุทรปราการ,2,59,ประถมศึกษาหรือต่ำกว่า,มี,อื่นๆ,หมอนวด,ไม่มี,,ลูกจ้าง,10000.0,4.0,ไม่เพียงพอ,มี,นอกระบบ,10000.0,รายวัน,,มีที่อยู่อาศัยเป็นของตนเอง ไม่ต้องผ่อนชำระ,ไม่มี,ไม่เคยประสบเหตุการณ์,0,0,1,0,0,4.0,เคย,ไม่อยาก,ไม่เคย,ไม่ได้ตั้งเป้าหมาย,หมอนวด
292218,สมุทรปราการ,สมุทรปราการ,สมุทรปราการ,2,69,ประถมศึกษาหรือต่ำกว่า,มี,อื่นๆ,หมอนวด,ไม่มี,,ลูกจ้าง,5000.0,1.0,ไม่เพียงพอ,มี,นอกระบบ,5000.0,รายวัน,,มีที่อยู่อาศัยเป็นของตนเอง ไม่ต้องผ่อนชำระ,ไม่มี,ไม่เคยประสบเหตุการณ์,0,0,0,0,0,20.0,เคย,ไม่อยาก,ไม่เคย,ไม่ได้ตั้งเป้าหมาย,หมอนวด
292685,อุทัยธานี,อุทัยธานี,อุทัยธานี,1,51,ประถมศึกษาหรือต่ำกว่า,มี,อื่นๆ,หมอนวดแผนไทย,มี,เกษตรกร/ประมงน้ำจืด,ประกอบธุรกิจส่วนตัวโดยไม่มีลูกจ้าง,10000.0,3.0,เพียงพอ,มี,ในระบบ ,9000.0,รายงวด/รายครั้ง,,มีที่อยู่อาศัยเป็นของตนเอง ไม่ต้องผ่อนชำระ,ไม่มี,ไม่เคยประสบเหตุการณ์,0,0,0,0,0,,ไม่เคยทำงานมาก่อน,ไม่อยาก,ไม่เคย,บุตรหลานสำเร็จการศึกษา,หมอนวดแผนไทย
301638,สมุทรปราการ,สงขลา,สมุทรปราการ,2,71,มัธยมศึกษาตอนปลาย/ปวช.หรือเทียบเท่า,มี,อื่นๆ,นวดแผนไทย,มี,อื่นๆ,ประกอบธุรกิจส่วนตัวโดยไม่มีลูกจ้าง,8000.0,2.0,ไม่เพียงพอ,ไม่มี,นอกระบบ,5000.0,รายงวด/รายครั้ง,กำไรน้อย/รายได้น้อย,มีที่อยู่อาศัยเป็นของตนเอง ไม่ต้องผ่อนชำระ,ไม่มี,ไม่เคยประสบเหตุการณ์,0,0,0,0,1,20.0,เคย,ไม่อยาก,เคย,รายได้เพิ่มขึ้น,นวดแผนไทย
302105,นครราชสีมา,นครราชสีมา,นครราชสีมา,1,65,ประถมศึกษาหรือต่ำกว่า,มี,อื่นๆ,หมอนวด,มี,เกษตรกร/ประมงน้ำจืด,ลูกจ้าง,25000.0,6.0,เพียงพอ,ไม่มี,นอกระบบ,,รายชั่วโมง,,มีที่อยู่อาศัยเป็นของตนเอง ไม่ต้องผ่อนชำระ,ไม่มี,ไม่เคยประสบเหตุการณ์,0,0,0,0,1,,ไม่เคยทำงานมาก่อน,อยาก,ไม่เคย,รายได้เพิ่มขึ้น,หมอนวด
304909,สมุทรปราการ,สมุทรปราการ,สมุทรปราการ,2,69,มัธยมศึกษาตอนต้นหรือเทียบเท่า,มี,อื่นๆ,นวดแผนไทย,ไม่มี,,ลูกจ้างทำงานหลายเจ้า,10000.0,4.0,เพียงพอ,ไม่มี,นอกระบบ,6000.0,รายชั่วโมง,,มีที่อยู่อาศัยเป็นของตนเอง ไม่ต้องผ่อนชำระ,ไม่มี,ไม่เคยประสบเหตุการณ์,0,0,0,0,0,8.0,ไม่เคยทำงานมาก่อน,ไม่อยาก,ไม่เคย,ขยายกิจการ,นวดแผนไทย
306639,ตาก,ตาก,ตาก,2,65,ประถมศึกษาหรือต่ำกว่า,มี,อื่นๆ,หมอนวด,มี,อื่นๆ,นายจ้าง,3000.0,2.0,เพียงพอ,มี,ในระบบ ,,รายงวด/รายครั้ง,,มีที่อยู่อาศัยเป็นของตนเอง ไม่ต้องผ่อนชำระ,ไม่มี,ไม่เคยประสบเหตุการณ์,0,0,0,0,0,10.0,ไม่เคยทำงานมาก่อน,ไม่อยาก,ไม่เคย,ไม่ได้ตั้งเป้าหมาย,หมอนวด
307024,สมุทรปราการ,สมุทรปราการ,สมุทรปราการ,2,54,มัธยมศึกษาตอนปลาย/ปวช.หรือเทียบเท่า,มี,อื่นๆ,พนักงานนวด,ไม่มี,,ลูกจ้าง,3500.0,4.0,ไม่เพียงพอ,มี,ในระบบ ,4000.0,รายชั่วโมง,อื่นๆ,มีที่อยู่อาศัยเป็นของตนเอง แต่อยู่ระหว่างผ่อนชำระ,ไม่มี,ไม่เคยประสบเหตุการณ์,0,0,0,0,1,6.0,เคย,ไม่อยาก,ไม่เคย,เป็นเจ้าของกิจการ,พนักงานนวด
307284,สมุทรปราการ,พระนครศรีอยุธยา,สมุทรปราการ,2,70,ประถมศึกษาหรือต่ำกว่า,มี,อื่นๆ,นวดแผนไทย,มี,พ่อค้าแม่ค้าหาบเร่/แผงลอย,การรวมกลุ่ม,3000.0,4.0,ไม่เพียงพอ,มี,ในระบบ ,3000.0,รายชั่วโมง,รบกวนเวลาส่วนตัวมาเกินไป,มีที่อยู่อาศัยเป็นของตนเอง ไม่ต้องผ่อนชำระ,,ไม่เคยประสบเหตุการณ์,0,0,0,0,0,10.0,เคย,อยาก,ไม่เคย,ได้รับการยอมรับ/ยกย่อง,นวดแผนไทย
309989,กาญจนบุรี,กาญจนบุรี,กาญจนบุรี,2,57,ประถมศึกษาหรือต่ำกว่า,มี,อื่นๆ,หมอนวด,ไม่มี,,อื่นๆ,4000.0,2.0,ไม่เพียงพอ,มี,ในระบบ ,4000.0,รายวัน,,มีที่อยู่อาศัยเป็นของตนเอง ไม่ต้องผ่อนชำระ,ไม่มี,ไม่เคยประสบเหตุการณ์,0,0,0,0,0,10.0,ไม่เคยทำงานมาก่อน,ไม่อยาก,ไม่เคย,ไม่ได้ตั้งเป้าหมาย,หมอนวด
312308,กาญจนบุรี,กาญจนบุรี,กาญจนบุรี,2,64,ประถมศึกษาหรือต่ำกว่า,มี,อื่นๆ,หมอนวด,ไม่มี,,ช่วยธุรกิจครัวเรือนโดยไม่ได้รับค่าจ้าง,5000.0,3.0,ไม่เพียงพอ,มี,ในระบบ ,5000.0,รายวัน,,มีที่อยู่อาศัยเป็นของตนเอง ไม่ต้องผ่อนชำระ,ไม่มี,ไม่เคยประสบเหตุการณ์,0,0,0,0,0,10.0,ไม่เคยทำงานมาก่อน,ไม่อยาก,ไม่เคย,ไม่ได้ตั้งเป้าหมาย,หมอนวด
316430,กาญจนบุรี,กาญจนบุรี,กาญจนบุรี,2,54,มัธยมศึกษาตอนปลาย/ปวช.หรือเทียบเท่า,มี,อื่นๆ,นวดแผนไทย,ไม่มี,,ลูกจ้าง,7000.0,2.0,ไม่เพียงพอ,มี,ในระบบ ,7000.0,รายวัน,,มีที่อยู่อาศัยเป็นของตนเอง ไม่ต้องผ่อนชำระ,ไม่มี,ไม่เคยประสบเหตุการณ์,0,0,0,0,0,11.0,เคย,ไม่อยาก,ไม่เคย,ไม่ได้ตั้งเป้าหมาย,นวดแผนไทย
317206,สตูล,สตูล,สตูล,2,52,ประถมศึกษาหรือต่ำกว่า,มี,อื่นๆ,นวดแผนไทย,ไม่มี,,อื่นๆ,4000.0,2.0,ไม่เพียงพอ,ไม่มี,นอกระบบ,4000.0,รายชั่วโมง,,เช่าบ้าน/เช่าที่อยู่อาศัย,ไม่มี,ไม่เคยประสบเหตุการณ์,0,0,0,0,0,3.0,เคย,อยาก,ไม่เคย,ไม่ได้ตั้งเป้าหมาย,นวดแผนไทย
318627,ร้อยเอ็ด,ร้อยเอ็ด,ร้อยเอ็ด,2,35,มัธยมศึกษาตอนปลาย/ปวช.หรือเทียบเท่า,มี,อื่นๆ,นวด,ไม่มี,,ลูกจ้าง,12000.0,4.0,ไม่เพียงพอ,มี,ในระบบ ,15000.0,รายเดือน,,มีที่อยู่อาศัยเป็นของตนเอง ไม่ต้องผ่อนชำระ,ไม่มี,ไม่เคยประสบเหตุการณ์,0,0,0,0,0,11.0,ไม่เคยทำงานมาก่อน,อยาก,ไม่เคย,ไม่ได้ตั้งเป้าหมาย,นวด
318643,ร้อยเอ็ด,ร้อยเอ็ด,ร้อยเอ็ด,2,43,มัธยมศึกษาตอนปลาย/ปวช.หรือเทียบเท่า,มี,อื่นๆ,นวด,ไม่มี,,ลูกจ้าง,15000.0,4.0,ไม่เพียงพอ,มี,ในระบบ ,15000.0,รายงวด/รายครั้ง,กำไรน้อย/รายได้น้อย,เช่าบ้าน/เช่าที่อยู่อาศัย,ไม่มี,,1,1,1,0,0,1.0,ไม่เคยทำงานมาก่อน,อยาก,ไม่เคย,ไม่ได้ตั้งเป้าหมาย,นวด
320698,กาญจนบุรี,กาญจนบุรี,กาญจนบุรี,1,64,ประถมศึกษาหรือต่ำกว่า,มี,อื่นๆ,หมอนวด,ไม่มี,,ประกอบธุรกิจส่วนตัวโดยไม่มีลูกจ้าง,15000.0,2.0,ไม่เพียงพอ,ไม่มี,นอกระบบ,15000.0,รายวัน,,มีที่อยู่อาศัยเป็นของตนเอง ไม่ต้องผ่อนชำระ,ไม่มี,ไม่เคยประสบเหตุการณ์,0,0,0,0,0,0.0,ไม่เคยทำงานมาก่อน,ไม่อยาก,ไม่เคย,เป็นเจ้าของกิจการ,หมอนวด
321072,ร้อยเอ็ด,ร้อยเอ็ด,ร้อยเอ็ด,2,28,มัธยมศึกษาตอนต้นหรือเทียบเท่า,มี,อื่นๆ,งานนวด,ไม่มี,,ลูกจ้างทำงานหลายเจ้า,20000.0,3.0,ไม่เพียงพอ,มี,นอกระบบ,20000.0,รายเดือน,,มีที่อยู่อาศัยเป็นของตนเอง ไม่ต้องผ่อนชำระ,ไม่มี,ไม่เคยประสบเหตุการณ์,0,0,0,0,0,5.0,เคย,ไม่อยาก,ไม่เคย,หมดภาระหนี้สิน,งานนวด
325348,พัทลุง,พัทลุง,พัทลุง,2,32,มัธยมศึกษาตอนปลาย/ปวช.หรือเทียบเท่า,มี,อื่นๆ,พนักงานหมอนวด,ไม่มี,,ลูกจ้าง,12000.0,4.0,ไม่เพียงพอ,มี,นอกระบบ,12000.0,รายเดือน,,อาศัยอยู่กับบิดา มารดา ญาติ พี่น้อง,ไม่มี,ไม่เคยประสบเหตุการณ์,0,0,0,0,0,2.0,เคย,อยาก,ไม่เคย,ไม่ได้ตั้งเป้าหมาย,พนักงานหมอนวด
326579,พัทลุง,พัทลุง,พัทลุง,2,61,อนุปริญญา/ปวส.,มี,อื่นๆ,นวดแผนไทยโบราณ,ไม่มี,,ประกอบธุรกิจส่วนตัวโดยไม่มีลูกจ้าง,5000.0,4.0,เพียงพอ,ไม่มี,นอกระบบ,5000.0,รายชั่วโมง,,มีที่อยู่อาศัยเป็นของตนเอง ไม่ต้องผ่อนชำระ,ไม่มี,ไม่เคยประสบเหตุการณ์,0,0,0,0,0,15.0,ไม่เคยทำงานมาก่อน,ไม่อยาก,ไม่เคย,เป็นเจ้าของกิจการ,นวดแผนไทยโบราณ
326820,ร้อยเอ็ด,ร้อยเอ็ด,ร้อยเอ็ด,2,51,ประถมศึกษาหรือต่ำกว่า,มี,อื่นๆ,นวดแผนไทย,มี,เกษตรกร/ประมงน้ำจืด,ประกอบธุรกิจส่วนตัวโดยไม่มีลูกจ้าง,15000.0,4.0,ไม่เพียงพอ,มี,ในระบบ ,10000.0,รายเดือน,กำไรน้อย/รายได้น้อย,มีที่อยู่อาศัยเป็นของตนเอง ไม่ต้องผ่อนชำระ,ไม่มี,ไม่เคยประสบเหตุการณ์,1,0,0,0,0,5.0,ไม่เคยทำงานมาก่อน,ไม่อยาก,ไม่เคย,รายได้เพิ่มขึ้น,นวดแผนไทย
331834,ราชบุรี,ราชบุรี,ราชบุรี,2,53,ประถมศึกษาหรือต่ำกว่า,มี,อื่นๆ,หมอนวดแผนโบราณ,ไม่มี,,ลูกจ้าง,4000.0,2.0,ไม่เพียงพอ,มี,ในระบบ ,,รายวัน,,มีที่อยู่อาศัยเป็นของตนเอง ไม่ต้องผ่อนชำระ,ไม่มี,ไม่เคยประสบเหตุการณ์,0,0,0,0,0,,ไม่เคยทำงานมาก่อน,อยาก,,,หมอนวดแผนโบราณ
331856,ราชบุรี,ราชบุรี,ราชบุรี,2,33,มัธยมศึกษาตอนปลาย/ปวช.หรือเทียบเท่า,มี,อื่นๆ,นวดแผนโบราณ,ไม่มี,,การรวมกลุ่ม,10600.0,3.0,ไม่เพียงพอ,มี,ในระบบ ,,รายวัน,,อาศัยอยู่กับผู้อื่น (เช่น เพื่อน คนรู้จัก เป็นต้น),มี,ไม่เคยประสบเหตุการณ์,0,0,0,0,0,,ไม่เคยทำงานมาก่อน,อยาก,,,นวดแผนโบราณ
342327,พัทลุง,พัทลุง,พัทลุง,2,62,ประถมศึกษาหรือต่ำกว่า,มี,อื่นๆ,นวดแผนไทย,ไม่มี,,ประกอบธุรกิจส่วนตัวโดยไม่มีลูกจ้าง,9000.0,1.0,เพียงพอ,ไม่มี,นอกระบบ,8400.0,รายชั่วโมง,,มีที่อยู่อาศัยเป็นของตนเอง ไม่ต้องผ่อนชำระ,ไม่มี,ไม่เคยประสบเหตุการณ์,0,0,0,0,1,5.0,เคย,อยาก,ไม่เคย,เป็นเจ้าของกิจการ,นวดแผนไทย
348248,นครศรีธรรมราช,นครศรีธรรมราช,นครศรีธรรมราช,2,50,ประถมศึกษาหรือต่ำกว่า,มี,อื่นๆ,นวดแผนไทย,,,ประกอบธุรกิจส่วนตัวโดยไม่มีลูกจ้าง,6600.0,5.0,ไม่เพียงพอ,มี,ในระบบ ,,รายวัน,กำไรน้อย/รายได้น้อย,อาศัยอยู่กับบิดา มารดา ญาติ พี่น้อง,ไม่มี,ไม่เคยประสบเหตุการณ์,0,0,0,0,0,10.0,ไม่เคยทำงานมาก่อน,ไม่อยาก,ไม่เคย,รายได้เพิ่มขึ้น,นวดแผนไทย
377852,ชัยภูมิ,ชัยภูมิ,ชัยภูมิ,2,50,มัธยมศึกษาตอนต้นหรือเทียบเท่า,มี,อื่นๆ,นวดสปา,ไม่มี,,ประกอบธุรกิจส่วนตัวโดยไม่มีลูกจ้าง,15000.0,2.0,ไม่เพียงพอ,ไม่มี,นอกระบบ,,รายชั่วโมง,,อาศัยอยู่กับบิดา มารดา ญาติ พี่น้อง,ไม่มี,ไม่เคยประสบเหตุการณ์,0,0,0,0,0,10.0,เคย,อยาก,ไม่เคย,ไม่ได้ตั้งเป้าหมาย,นวดสปา
386676,นครศรีธรรมราช,นครศรีธรรมราช,นครศรีธรรมราช,1,88,ประถมศึกษาหรือต่ำกว่า,มี,อื่นๆ,หมอนวดช่วยรักษาความปวดเมื่อย,ไม่มี,,ประกอบธุรกิจส่วนตัวโดยไม่มีลูกจ้าง,2500.0,1.0,เพียงพอ,ไม่มี,นอกระบบ,2000.0,รายเดือน,,มีที่อยู่อาศัยเป็นของตนเอง ไม่ต้องผ่อนชำระ,ไม่มี,ไม่เคยประสบเหตุการณ์,0,0,0,0,0,20.0,ไม่เคยทำงานมาก่อน,ไม่อยาก,ไม่เคย,ไม่ได้ตั้งเป้าหมาย,หมอนวดช่วยรักษาความปวดเมื่อย
402841,นครศรีธรรมราช,นครศรีธรรมราช,นครศรีธรรมราช,2,56,อนุปริญญา/ปวส.,มี,อื่นๆ,นวดแผนโบราณ,มี,เกษตรกร/ประมงน้ำจืด,ลูกจ้าง,8000.0,1.0,ไม่เพียงพอ,มี,ในระบบ ,5000.0,รายชั่วโมง,,มีที่อยู่อาศัยเป็นของตนเอง ไม่ต้องผ่อนชำระ,ไม่มี,ไม่เคยประสบเหตุการณ์,0,0,0,0,1,10.0,ไม่เคยทำงานมาก่อน,อยาก,เคย,รายได้เพิ่มขึ้น,นวดแผนโบราณ
413610,อุดรธานี,อุดรธานี,อุดรธานี,2,38,มัธยมศึกษาตอนปลาย/ปวช.หรือเทียบเท่า,มี,อื่นๆ,หมอนวด,ไม่มี,,ประกอบธุรกิจส่วนตัวโดยไม่มีลูกจ้าง,9000.0,3.0,ไม่เพียงพอ,ไม่มี,นอกระบบ,2000.0,รายวัน,,อาศัยอยู่กับบิดา มารดา ญาติ พี่น้อง,มี,ไม่เคยประสบเหตุการณ์,0,0,0,0,0,7.0,เคย,ไม่อยาก,เคย,เป็นเจ้าของกิจการ,หมอนวด
426845,ลพบุรี,ลพบุรี,ลพบุรี,2,65,ประถมศึกษาหรือต่ำกว่า,มี,อื่นๆ,นวดแผนไทย,ไม่มี,,ประกอบธุรกิจส่วนตัวโดยไม่มีลูกจ้าง,5000.0,1.0,เพียงพอ,ไม่มี,นอกระบบ,4000.0,รายงวด/รายครั้ง,,มีที่อยู่อาศัยเป็นของตนเอง ไม่ต้องผ่อนชำระ,ไม่มี,ไม่เคยประสบเหตุการณ์,0,0,0,0,0,10.0,ไม่เคยทำงานมาก่อน,ไม่อยาก,ไม่เคย,รายได้เพิ่มขึ้น,นวดแผนไทย
427505,บุรีรัมย์,บุรีรัมย์,บุรีรัมย์,2,20,มัธยมศึกษาตอนปลาย/ปวช.หรือเทียบเท่า,มี,อื่นๆ,นวดแผนไทย,ไม่มี,,ลูกจ้าง,3000.0,3.0,ไม่เพียงพอ,ไม่มี,นอกระบบ,3000.0,รายเดือน,กำไรน้อย/รายได้น้อย,อาศัยอยู่กับบิดา มารดา ญาติ พี่น้อง,ไม่มี,ไม่เคยประสบเหตุการณ์,0,0,0,0,0,5.0,ไม่เคยทำงานมาก่อน,อยาก,ไม่เคย,รายได้เพิ่มขึ้น,นวดแผนไทย
443486,นครราชสีมา,นครราชสีมา,นครราชสีมา,2,61,มัธยมศึกษาตอนต้นหรือเทียบเท่า,มี,อื่นๆ,นวดแผนไทย,ไม่มี,,ลูกจ้าง,4500.0,3.0,เพียงพอ,ไม่มี,นอกระบบ,4500.0,รายชั่วโมง,,มีที่อยู่อาศัยเป็นของตนเอง ไม่ต้องผ่อนชำระ,ไม่มี,ไม่เคยประสบเหตุการณ์,0,0,0,0,1,15.0,เคย,ไม่อยาก,ไม่เคย,รายได้เพิ่มขึ้น,นวดแผนไทย
446061,สุรินทร์,สุรินทร์,สุรินทร์,1,43,มัธยมศึกษาตอนต้นหรือเทียบเท่า,มี,อื่นๆ,รับจ้างนวดแผนไทย,ไม่มี,,ประกอบธุรกิจส่วนตัวโดยไม่มีลูกจ้าง,15000.0,4.0,เพียงพอ,มี,ในระบบ ,15000.0,รายวัน,,มีที่อยู่อาศัยเป็นของตนเอง ไม่ต้องผ่อนชำระ,ไม่มี,ไม่เคยประสบเหตุการณ์,0,0,0,0,0,10.0,เคย,อยาก,ไม่เคย,ไม่ได้ตั้งเป้าหมาย,รับจ้างนวดแผนไทย
446087,สุรินทร์,สุรินทร์,สุรินทร์,2,43,มัธยมศึกษาตอนต้นหรือเทียบเท่า,มี,อื่นๆ,รับจ้างนวดแผนไทย,ไม่มี,,ประกอบธุรกิจส่วนตัวโดยไม่มีลูกจ้าง,15000.0,4.0,ไม่เพียงพอ,มี,ในระบบ ,15000.0,รายวัน,,มีที่อยู่อาศัยเป็นของตนเอง ไม่ต้องผ่อนชำระ,ไม่มี,ไม่เคยประสบเหตุการณ์,0,0,0,0,0,10.0,เคย,อยาก,ไม่เคย,ไม่ได้ตั้งเป้าหมาย,รับจ้างนวดแผนไทย
496577,ปราจีนบุรี,ปราจีนบุรี,ปราจีนบุรี,2,66,มัธยมศึกษาตอนปลาย/ปวช.หรือเทียบเท่า,มี,อื่นๆ,หมอนวดแผนโบราณ,ไม่มี,,ลูกจ้าง,0.0,1.0,เพียงพอ,ไม่มี,นอกระบบ,0.0,รายชั่วโมง,,มีที่อยู่อาศัยเป็นของตนเอง ไม่ต้องผ่อนชำระ,ไม่มี,ไม่เคยประสบเหตุการณ์,0,0,0,0,0,15.0,ไม่เคยทำงานมาก่อน,ไม่อยาก,ไม่เคย,ไม่ได้ตั้งเป้าหมาย,หมอนวดแผนโบราณ
497583,อุบลราชธานี,อุบลราชธานี,อุบลราชธานี,1,41,ประถมศึกษาหรือต่ำกว่า,มี,อื่นๆ,นวดแผนโบราณ,ไม่มี,,อื่นๆ,1500.0,1.0,ไม่เพียงพอ,ไม่มี,นอกระบบ,,,,อาศัยอยู่กับบิดา มารดา ญาติ พี่น้อง,ไม่มี,ไม่เคยประสบเหตุการณ์,0,0,0,0,0,5.0,ไม่เคยทำงานมาก่อน,ไม่อยาก,ไม่เคย,ไม่ได้ตั้งเป้าหมาย,นวดแผนโบราณ
505789,กำแพงเพชร,กำแพงเพชร,กำแพงเพชร,2,48,มัธยมศึกษาตอนปลาย/ปวช.หรือเทียบเท่า,มี,อื่นๆ,นวดแผนไทย,ไม่มี,,ประกอบธุรกิจส่วนตัวโดยไม่มีลูกจ้าง,10000.0,2.0,ไม่เพียงพอ,ไม่มี,นอกระบบ,10000.0,รายชั่วโมง,,มีที่อยู่อาศัยเป็นของตนเอง ไม่ต้องผ่อนชำระ,ไม่มี,ไม่เคยประสบเหตุการณ์,0,0,0,0,0,10.0,เคย,อยาก,,ไม่ได้ตั้งเป้าหมาย,นวดแผนไทย
506652,กาญจนบุรี,กาญจนบุรี,กาญจนบุรี,1,50,มัธยมศึกษาตอนต้นหรือเทียบเท่า,มี,อื่นๆ,นวดแผนไทย,ไม่มี,,ลูกจ้าง,6000.0,3.0,เพียงพอ,ไม่มี,นอกระบบ,6000.0,รายชั่วโมง,,มีที่อยู่อาศัยเป็นของตนเอง ไม่ต้องผ่อนชำระ,ไม่มี,ไม่เคยประสบเหตุการณ์,0,0,0,0,0,11.0,เคย,อยาก,เคย,ไม่ได้ตั้งเป้าหมาย,นวดแผนไทย
522269,สระบุรี,สระบุรี,สระบุรี,2,61,ประถมศึกษาหรือต่ำกว่า,มี,อื่นๆ,หมอนวด,ไม่มี,,ช่วยธุรกิจครัวเรือนโดยไม่ได้รับค่าจ้าง,6000.0,0.0,เพียงพอ,มี,ในระบบ ,6000.0,รายเดือน,กำไรน้อย/รายได้น้อย,มีที่อยู่อาศัยเป็นของตนเอง ไม่ต้องผ่อนชำระ,ไม่มี,ไม่เคยประสบเหตุการณ์,0,0,0,0,0,10.0,ไม่เคยทำงานมาก่อน,ไม่อยาก,ไม่เคย,ไม่ได้ตั้งเป้าหมาย,หมอนวด
526692,สุรินทร์,สุรินทร์,สุรินทร์,2,47,ประถมศึกษาหรือต่ำกว่า,มี,อื่นๆ,หมอนวด,ไม่มี,,ลูกจ้าง,7500.0,2.0,ไม่เพียงพอ,มี,นอกระบบ,7500.0,รายวัน,กำไรน้อย/รายได้น้อย,เช่าบ้าน/เช่าที่อยู่อาศัย,ไม่มี,ไม่เคยประสบเหตุการณ์,0,0,0,0,1,20.0,ไม่เคยทำงานมาก่อน,ไม่อยาก,ไม่เคย,เป็นเจ้าของกิจการ,หมอนวด
527436,ราชบุรี,ราชบุรี,ราชบุรี,2,69,มัธยมศึกษาตอนต้นหรือเทียบเท่า,มี,อื่นๆ,บริการนวดตามบ้าน,ไม่มี,,ช่วยธุรกิจครัวเรือนโดยไม่ได้รับค่าจ้าง,15600.0,1.0,เพียงพอ,ไม่มี,นอกระบบ,15000.0,รายชั่วโมง,,มีที่อยู่อาศัยเป็นของตนเอง ไม่ต้องผ่อนชำระ,ไม่มี,ไม่เคยประสบเหตุการณ์,0,0,0,0,1,15.0,เคย,ไม่อยาก,ไม่เคย,รายได้เพิ่มขึ้น,บริการนวดตามบ้าน
538822,กรุงเทพมหานคร,ชัยภูมิ,ชัยภูมิ,2,56,ประถมศึกษาหรือต่ำกว่า,มี,อื่นๆ,นวดแผนไทย,ไม่มี,,ลูกจ้าง,12000.0,1.0,เพียงพอ,มี,ในระบบ ,12000.0,รายวัน,,เช่าบ้าน/เช่าที่อยู่อาศัย,ไม่มี,ไม่เคยประสบเหตุการณ์,0,0,0,0,1,6.0,เคย,อยาก,ไม่เคย,รายได้เพิ่มขึ้น,นวดแผนไทย
550923,อ่างทอง,อ่างทอง,อ่างทอง,2,56,มัธยมศึกษาตอนต้นหรือเทียบเท่า,มี,อื่นๆ,นวดแผนไทย,ไม่มี,,ประกอบธุรกิจส่วนตัวโดยไม่มีลูกจ้าง,6000.0,2.0,ไม่เพียงพอ,ไม่มี,นอกระบบ,6000.0,รายงวด/รายครั้ง,,อาศัยอยู่กับผู้อื่น (เช่น เพื่อน คนรู้จัก เป็นต้น),ไม่มี,ไม่เคยประสบเหตุการณ์,0,0,0,0,1,20.0,เคย,อยาก,ไม่เคย,รายได้เพิ่มขึ้น,นวดแผนไทย
560824,อุตรดิตถ์,อุตรดิตถ์,อุตรดิตถ์,2,61,ประถมศึกษาหรือต่ำกว่า,มี,อื่นๆ,นวดแผนไทย,ไม่มี,,ประกอบธุรกิจส่วนตัวโดยไม่มีลูกจ้าง,6000.0,1.0,ไม่เพียงพอ,มี,ในระบบ ,6000.0,รายงวด/รายครั้ง,กำไรน้อย/รายได้น้อย,มีที่อยู่อาศัยเป็นของตนเอง ไม่ต้องผ่อนชำระ,ไม่มี,ไม่เคยประสบเหตุการณ์,0,0,0,0,1,20.0,ไม่เคยทำงานมาก่อน,ไม่อยาก,ไม่เคย,หมดภาระหนี้สิน,นวดแผนไทย
